datetime,activelinks
2021-12-11 21:09:58.200931,18
2021-12-11 21:10:50.321600,18
2021-12-11 21:11:27.075083,18
2021-12-11 21:11:48.929296,18
2021-12-11 21:12:25.351690,18
2021-12-11 21:13:04.870418,18
2021-12-11 21:13:22.439595,18
2021-12-11 21:13:51.262093,18
2021-12-11 21:14:25.744008,18
2021-12-11 21:14:58.720879,18
2021-12-11 21:15:36.478855,18
2021-12-11 21:15:47.270983,18
2021-12-11 21:16:47.271883,18
2021-12-11 21:16:56.646494,18
2021-12-11 21:17:26.883259,18
2021-12-11 21:18:02.741274,18
2021-12-11 21:18:14.242959,18
2021-12-11 21:18:28.375546,18
2021-12-11 21:18:56.081723,18
2021-12-11 21:19:37.112846,18
2021-12-11 21:19:49.773806,18
2021-12-11 21:20:23.263201,18
2021-12-11 21:20:48.275164,18
2021-12-11 21:21:20.049521,18
2021-12-11 21:37:30.519879,18
2021-12-11 21:38:00.454690,18
2021-12-11 21:38:28.206777,18
2021-12-11 21:38:59.103503,18
2021-12-11 21:39:28.764259,18
2021-12-11 22:37:27.582649,15
2021-12-11 22:37:50.032872,15
2021-12-11 22:38:17.623747,15
2021-12-11 22:38:45.858686,15
2021-12-11 22:39:15.273094,15
2021-12-11 22:39:49.818194,15
2021-12-11 22:40:18.385466,9
2021-12-11 22:40:45.544843,9
2021-12-11 22:41:20.797628,9
2021-12-11 22:41:50.699278,9
2021-12-11 22:42:16.824296,9
2021-12-11 22:42:53.512723,12
2021-12-11 22:43:16.171227,12
2021-12-11 22:43:49.388041,15
2021-12-11 22:44:19.484348,18
2021-12-11 22:44:49.032863,18
2021-12-11 22:45:16.152663,18
2021-12-11 22:45:57.921025,18
2021-12-11 22:46:24.942914,18
2021-12-11 22:47:07.927372,18
2021-12-11 22:47:20.271947,18
2021-12-11 22:47:43.820925,18
2021-12-11 22:48:19.546200,18
2021-12-11 22:49:04.820988,18
2021-12-11 22:49:20.571357,18
2021-12-11 22:50:21.462446,18
2021-12-11 22:50:47.483319,18
2021-12-11 22:51:22.297570,18
2021-12-11 22:51:45.231923,18
2021-12-11 22:52:19.216814,18
2021-12-11 22:52:52.747585,18
2021-12-11 22:53:17.014281,18
2021-12-11 22:54:22.097360,18
2021-12-11 22:55:22.094432,18
2021-12-11 22:55:51.545178,18
2021-12-11 22:56:14.236420,18
2021-12-11 22:56:47.166622,18
2021-12-11 22:57:20.948020,18
2021-12-11 22:57:45.889779,18
2021-12-11 22:58:16.284251,18
2021-12-11 22:58:46.152418,18
2021-12-11 22:59:16.458269,18
2021-12-11 22:59:59.500830,18
2021-12-11 23:00:16.482560,18
2021-12-11 23:01:21.450196,18
2021-12-11 23:02:22.441405,18
2021-12-11 23:03:26.873327,18
2021-12-11 23:04:30.479331,18
2021-12-11 23:05:39.679844,18
2021-12-11 23:05:58.217166,18
2021-12-11 23:06:36.921538,18
2021-12-11 23:07:37.729701,18
2021-12-11 23:07:49.689453,18
2021-12-11 23:08:37.834221,18
2021-12-11 23:08:48.544408,18
2021-12-11 23:09:40.836091,18
2021-12-11 23:09:58.090123,18
2021-12-11 23:10:37.738266,18
2021-12-11 23:10:57.864345,18
2021-12-11 23:11:36.416005,18
2021-12-11 23:12:42.237869,18
2021-12-11 23:12:47.617720,18
2021-12-11 23:13:35.825254,18
2021-12-11 23:14:37.066873,18
2021-12-11 23:15:36.432483,18
2021-12-11 23:16:34.921868,18
2021-12-11 23:17:37.929997,18
2021-12-11 23:17:48.682349,18
2021-12-11 23:18:38.147147,18
2021-12-11 23:18:49.700811,18
2021-12-11 23:19:38.390196,18
2021-12-11 23:19:49.552601,18
2021-12-11 23:20:42.467877,18
2021-12-11 23:20:50.631392,18
2021-12-11 23:21:21.354504,18
2021-12-11 23:21:45.099403,18
2021-12-11 23:22:16.162224,18
2021-12-11 23:22:46.438241,18
2021-12-11 23:23:15.278772,18
2021-12-11 23:23:52.211412,18
2021-12-11 23:24:17.285775,18
2021-12-11 23:24:46.293710,18
2021-12-11 23:25:14.892683,18
2021-12-11 23:25:47.746163,18
2021-12-11 23:26:34.524960,18
2021-12-11 23:33:46.274504,18
2021-12-11 23:33:51.307460,18
2021-12-11 23:34:19.778412,18
2021-12-11 23:35:00.776294,18
2021-12-11 23:35:33.905190,18
2021-12-11 23:35:52.327793,18
2021-12-11 23:36:21.358305,18
2021-12-11 23:36:58.359517,18
2021-12-11 23:37:19.298286,18
2021-12-11 23:37:52.172728,18
2021-12-11 23:38:25.457581,18
2021-12-11 23:39:00.572475,15
2021-12-11 23:39:21.045186,15
2021-12-11 23:39:46.351860,15
2021-12-11 23:40:15.481437,15
2021-12-11 23:40:47.945710,15
2021-12-11 23:41:16.950824,15
2021-12-11 23:41:48.279729,15
2021-12-11 23:42:40.404555,15
2021-12-11 23:42:51.549447,15
2021-12-11 23:43:25.217515,15
2021-12-11 23:43:27.170414,15
2021-12-11 23:43:59.702318,15
2021-12-11 23:44:37.049798,15
2021-12-11 23:45:06.433426,15
2021-12-11 23:45:39.513412,15
2021-12-11 23:45:58.378830,15
2021-12-11 23:46:31.611154,15
